{
    "Owner": "Hellim's Projects - Hellim's Resources",
    "Project": "Hellim's Xaero's Maps Mob Icons",
    "Author": "DoCelikkol",
    "License": "All Rights Reserved",
    "variants": {
    	"default" : "outlined_sprite:legendarycreatures/bullfrog.png",
        "legendarycreatures:textures/entity/bullfrog.png": "outlined_sprite:legendarycreatures/bullfrog.png",
        "legendarycreatures:textures/entity/bullfrog_level2.png": "outlined_sprite:legendarycreatures/bullfrog2.png",
        "legendarycreatures:textures/entity/bullfrog_level3.png": "outlined_sprite:legendarycreatures/bullfrog.png",
        "layersAllowed": true
    }
}