{
	"parent": "block/block",
	"gui_light": "front",
	"textures": {
		"mask": "tombstone:item/rabbit_mask",
		"particle": "tombstone:item/rabbit_mask"
	},
	"elements": [
		{
			"from": [-2, 1, 1],
			"to": [18, 21, 1.1],
			"faces": {
				"north": {"uv": [0, 0, 16, 16], "texture": "#mask"},
				"south": {"uv": [0, 0, 16, 16], "texture": "#mask"}
			}
		}
	],
	"display": {
		"thirdperson_righthand": {
			"rotation": [75, 0, 0],
			"translation": [0, -2.25, -1],
			"scale": [0.3, 0.3, 0.3]
		},
		"thirdperson_lefthand": {
			"rotation": [75, 0, 0],
			"translation": [0, -2.25, -1],
			"scale": [0.3, 0.3, 0.3]
		},
		"firstperson_righthand": {
			"rotation": [0, -35, 0],
			"translation": [1.25, 2.5, 2],
			"scale": [0.3, 0.3, 0.3]
		},
		"firstperson_lefthand": {
			"rotation": [0, -35, 0],
			"translation": [1.25, 2.5, 2],
			"scale": [0.3, 0.3, 0.3]
		},
		"ground": {
			"translation": [0, 3.25, 0]
		},
		"gui": {
			"rotation": [30, 180, 0],
			"translation": [0, 1.25, 0],
			"scale": [0.7, 0.7, 0.7]
		},
		"fixed": {
			"translation": [0, -2.75, 7.75]
		}
	}
}