{
  "parent": "minecraft:builtin/generated",
  "display": {
    "ground": {
      "rotation": [0, 0, 0],
      "translation": [0, 2, 0],
      "scale": [0.3, 0.3, 0.3]
    },
    "head": {
      "rotation": [0, 180, 0],
      "translation": [0, 13, 7],
      "scale": [0.6, 0.6, 0.6]
    },
    "thirdperson_righthand": {
      "rotation": [0, 0, 0],
      "translation": [0, 3, 1],
      "scale": [0.33, 0.33, 0.33]
    },
    "firstperson_righthand": {
      "rotation": [0, -90, 25],
      "translation": [1.13, 3.2, 1.13],
      "scale": [0.4, 0.4, 0.4]
    },
    "fixed": {
      "rotation": [0, 180, 0],
      "scale": [0.6, 0.6, 0.6]
    },
    "gui": {
      "scale": [0.6, 0.6, 0.6]
    }
  }
}