{
	"credit": "Made by moromorochan with Blockbench",
	"texture_size": [8, 8],
	"textures": {
		"0": "prettypipes:item/wrench",
		"particle": "prettypipes:item/wrench"
	},
	"elements": [
		{
			"from": [7, 0, 7.5],
			"to": [8, 6, 8.5],
			"rotation": {"angle": 0, "axis": "y", "origin": [7.5, 1, 8]},
			"faces": {
				"north": {"uv": [0, 0, 2, 12], "texture": "#0"},
				"east": {"uv": [0, 0, 2, 12], "texture": "#0"},
				"south": {"uv": [0, 0, 2, 12], "texture": "#0"},
				"west": {"uv": [0, 0, 2, 12], "texture": "#0"},
				"down": {"uv": [0, 8, 2, 10], "texture": "#0"}
			}
		},
		{
			"from": [7, 6, 7.5],
			"to": [8, 10, 8.5],
			"rotation": {"angle": 0, "axis": "y", "origin": [7.5, 1, 8]},
			"faces": {
				"north": {"uv": [2, 4, 4, 12], "texture": "#0"},
				"east": {"uv": [2, 4, 4, 12], "texture": "#0"},
				"south": {"uv": [2, 4, 4, 12], "texture": "#0"},
				"west": {"uv": [2, 4, 4, 12], "texture": "#0"}
			}
		},
		{
			"from": [7, 10, 7.005],
			"to": [8, 12, 8.995],
			"rotation": {"angle": 0, "axis": "y", "origin": [8, 13, 8]},
			"faces": {
				"north": {"uv": [2, 0, 4, 4], "texture": "#0"},
				"east": {"uv": [4, 0, 7.98, 4], "texture": "#0"},
				"south": {"uv": [2, 0, 4, 4], "texture": "#0"},
				"west": {"uv": [4, 0, 7.98, 4], "texture": "#0"},
				"up": {"uv": [4, 1, 8, 3], "rotation": 90, "texture": "#0"},
				"down": {"uv": [4, 1, 8, 3], "rotation": 90, "texture": "#0"}
			}
		},
		{
			"from": [9, 0, 7.5],
			"to": [10, 6, 8.5],
			"rotation": {"angle": 0, "axis": "z", "origin": [7.92843, 12.37157, 8]},
			"faces": {
				"north": {"uv": [0, 0, 2, 12], "texture": "#0"},
				"east": {"uv": [0, 0, 2, 12], "texture": "#0"},
				"south": {"uv": [0, 0, 2, 12], "texture": "#0"},
				"west": {"uv": [0, 0, 2, 12], "texture": "#0"},
				"down": {"uv": [0, 8, 2, 10], "texture": "#0"}
			}
		},
		{
			"from": [9, 6, 7.5],
			"to": [10, 12, 8.5],
			"rotation": {"angle": 0, "axis": "z", "origin": [7.92843, 12.37157, 8]},
			"faces": {
				"north": {"uv": [2, 0, 4, 12], "texture": "#0"},
				"east": {"uv": [2, 0, 4, 12], "texture": "#0"},
				"south": {"uv": [2, 0, 4, 12], "texture": "#0"},
				"west": {"uv": [2, 0, 4, 12], "texture": "#0"}
			}
		},
		{
			"from": [7.37868, 11.91421, 6.5],
			"to": [8.37868, 12.91421, 9.5],
			"rotation": {"angle": -45, "axis": "z", "origin": [7.87868, 12.41421, 8]},
			"faces": {
				"north": {"uv": [4, 8, 6, 10], "texture": "#0"},
				"east": {"uv": [5, 4, 7, 10], "rotation": 90, "texture": "#0"},
				"south": {"uv": [4, 8, 6, 10], "rotation": 270, "texture": "#0"},
				"west": {"uv": [5, 4, 7, 10], "rotation": 90, "texture": "#0"},
				"up": {"uv": [4, 5, 6, 11], "texture": "#0"},
				"down": {"uv": [6, 6, 8, 12], "texture": "#0"}
			}
		},
		{
			"from": [6.87868, 11.41421, 7],
			"to": [8.87868, 13.41421, 9],
			"rotation": {"angle": -45, "axis": "z", "origin": [7.87868, 12.41421, 8]},
			"faces": {
				"north": {"uv": [4, 8, 8, 12], "rotation": 90, "texture": "#0"},
				"east": {"uv": [4, 0, 8, 4], "texture": "#0"},
				"south": {"uv": [4, 8, 8, 12], "texture": "#0"},
				"west": {"uv": [4, 1, 8, 5], "texture": "#0"},
				"up": {"uv": [4, 0, 8, 4], "rotation": 90, "texture": "#0"},
				"down": {"uv": [4, 0, 8, 4], "rotation": 270, "texture": "#0"}
			}
		},
		{
			"from": [6.87868, 13.41421, 7],
			"to": [7.87868, 15.41421, 9],
			"rotation": {"angle": -45, "axis": "z", "origin": [7.87868, 12.41421, 8]},
			"faces": {
				"north": {"uv": [4, 6, 6, 10], "rotation": 180, "texture": "#0"},
				"east": {"uv": [4, 0, 8, 4], "rotation": 180, "texture": "#0"},
				"south": {"uv": [4, 5, 6, 9], "texture": "#0"},
				"west": {"uv": [4, 0, 8, 4], "rotation": 180, "texture": "#0"},
				"up": {"uv": [4, 3, 8, 5], "rotation": 270, "texture": "#0"}
			}
		},
		{
			"from": [5.65599, 12.57365, 7.505],
			"to": [9.65599, 13.57365, 8.495],
			"rotation": {"angle": -45, "axis": "z", "origin": [7.92843, 12.37157, 8]},
			"faces": {
				"north": {"uv": [5, 4, 7, 12], "rotation": 90, "texture": "#0"},
				"south": {"uv": [5, 12, 7, 4], "rotation": 90, "texture": "#0"},
				"up": {"uv": [4, 4, 6, 12], "rotation": 270, "texture": "#0"},
				"down": {"uv": [6, 4, 7.98, 12], "rotation": 270, "texture": "#0"}
			}
		},
		{
			"from": [4.65599, 10.57365, 7.505],
			"to": [9.65599, 11.57365, 8.495],
			"rotation": {"angle": -45, "axis": "z", "origin": [7.92843, 10.37157, 8]},
			"faces": {
				"north": {"uv": [5, 12, 7, 2], "rotation": 90, "texture": "#0"},
				"south": {"uv": [5, 2, 7, 12], "rotation": 90, "texture": "#0"},
				"up": {"uv": [5, 2, 7, 12], "rotation": 90, "texture": "#0"},
				"down": {"uv": [5, 2, 7, 12], "rotation": 90, "texture": "#0"}
			}
		},
		{
			"from": [3.65599, 10.57365, 7],
			"to": [4.65599, 14.57365, 9],
			"rotation": {"angle": -45, "axis": "z", "origin": [7.92843, 10.37157, 8]},
			"faces": {
				"north": {"uv": [5, 4, 7, 12], "rotation": 180, "texture": "#0"},
				"east": {"uv": [4, 0, 8, 8], "texture": "#0"},
				"south": {"uv": [5, 4, 7, 12], "texture": "#0"},
				"west": {"uv": [4, 4, 8, 12], "texture": "#0"},
				"up": {"uv": [4, 5, 6, 9], "texture": "#0"},
				"down": {"uv": [5, 7, 7, 11], "texture": "#0"}
			}
		}
	],
	"display": {
		"thirdperson_righthand": {
			"rotation": [0, 90, 0],
			"translation": [0, 1.75, 1.25]
		},
		"thirdperson_lefthand": {
			"rotation": [0, -90, 0],
			"translation": [0, 1.75, 1.25]
		},
		"firstperson_righthand": {
			"rotation": [-4.5, 100.25, 10],
			"translation": [1, 4, 1]
		},
		"firstperson_lefthand": {
			"rotation": [17.25, 267, 10],
			"translation": [1, 4, 1]
		},
		"ground": {
			"rotation": [-90, 0, 0],
			"translation": [0, -2.3, 0],
			"scale": [0.76914, 0.76914, 0.76914]
		},
		"gui": {
			"rotation": [28, -163, 43],
			"translation": [0.5, 0, 0],
			"scale": [1.09453, 1.09453, 1.09453]
		},
		"fixed": {
			"rotation": [0, 160.5, 0],
			"translation": [0.5, 0.5, 0]
		}
	},
	"groups": [
		0,
		1,
		2,
		{
			"name": "group",
			"origin": [9.5, 12, 8],
			"color": 0,
			"children": [3, 4, 5, 6, 7, 8, 9, 10]
		}
	]
}