{
    "variants": {
        "default": "outlined_sprite:luminousworld/mummy2.png",
        "luminousworld:textures/entities/mummy2.png": "outlined_sprite:luminousworld/mummy2.png",
        "luminousworld:textures/entities/mummyblue.png": "outlined_sprite:luminousworld/mummyblue.png",
        "luminousworld:textures/entities/mummygreen.png": "outlined_sprite:luminousworld/mummygreen.png",
        "luminousworld:textures/entities/mummyorange.png": "outlined_sprite:luminousworld/mummyorange.png",
        "layersAllowed": true
    }
}