{
    "variants": {
        "default": "outlined_sprite:luminousworld/redmummygreen.png",
        "luminousworld:textures/entities/redmummypink.png": "outlined_sprite:luminousworld/redmummypink.png",
        "luminousworld:textures/entities/redmummyblue.png": "outlined_sprite:luminousworld/redmummyblue.png",
        "luminousworld:textures/entities/redmummygreen.png": "outlined_sprite:luminousworld/redmummygreen.png",
        "luminousworld:textures/entities/redmummyorange.png": "outlined_sprite:luminousworld/redmummyorange.png",
        "layersAllowed": true
    }
}