{
	"credit": "Made by moromorochan with Blockbench",
	"textures": {
		"0": "prettypipes:block/item_terminal/item_terminal_side",
		"1": "prettypipes:block/item_terminal/item_terminal_top",
		"2": "prettypipes:block/item_terminal/item_terminal_flip",
		"3": "prettypipes:block/item_terminal/item_terminal_flip_offset",
		"particle": "prettypipes:block/item_terminal/item_terminal_top"
	},
	"elements": [
		{
			"from": [0, 0, 0],
			"to": [16, 11, 16],
			"faces": {
				"north": {"uv": [0, 5, 16, 16], "texture": "#0"},
				"east": {"uv": [0, 5, 16, 16], "texture": "#0"},
				"south": {"uv": [0, 5, 16, 16], "texture": "#0"},
				"west": {"uv": [0, 5, 16, 16], "texture": "#0"},
				"up": {"uv": [0, 0, 16, 16], "texture": "#1"},
				"down": {"uv": [0, 0, 16, 16], "texture": "#1"}
			}
		},
		{
			"from": [0, 14, 0],
			"to": [16, 16, 16],
			"faces": {
				"north": {"uv": [0, 0, 16, 2], "texture": "#0"},
				"east": {"uv": [0, 0, 16, 2], "texture": "#0"},
				"south": {"uv": [0, 0, 16, 2], "texture": "#0"},
				"west": {"uv": [0, 0, 16, 2], "texture": "#0"},
				"up": {"uv": [0, 0, 16, 16], "texture": "#1"},
				"down": {"uv": [0, 0, 16, 16], "texture": "#1"}
			}
		},
		{
			"from": [0, 11, 13],
			"to": [3, 14, 16],
			"faces": {
				"north": {"uv": [13, 2, 14, 5], "texture": "#0"},
				"east": {"uv": [2, 2, 3, 5], "texture": "#0"},
				"south": {"uv": [0, 2, 3, 5], "texture": "#0"},
				"west": {"uv": [13, 2, 16, 5], "texture": "#0"}
			}
		},
		{
			"from": [13, 11, 13],
			"to": [16, 14, 16],
			"faces": {
				"north": {"uv": [2, 2, 3, 5], "texture": "#0"},
				"east": {"uv": [0, 2, 3, 5], "texture": "#0"},
				"south": {"uv": [13, 2, 16, 5], "texture": "#0"},
				"west": {"uv": [13, 2, 14, 5], "texture": "#0"}
			}
		},
		{
			"from": [13, 11, 0],
			"to": [16, 14, 3],
			"faces": {
				"north": {"uv": [0, 2, 3, 5], "texture": "#0"},
				"east": {"uv": [13, 2, 16, 5], "texture": "#0"},
				"south": {"uv": [13, 2, 14, 5], "texture": "#0"},
				"west": {"uv": [2, 2, 3, 5], "texture": "#0"}
			}
		},
		{
			"from": [0, 11, 0],
			"to": [3, 14, 3],
			"faces": {
				"north": {"uv": [13, 2, 16, 5], "texture": "#0"},
				"east": {"uv": [13, 2, 14, 5], "texture": "#0"},
				"south": {"uv": [2, 2, 3, 5], "texture": "#0"},
				"west": {"uv": [0, 2, 3, 5], "texture": "#0"}
			}
		},
		{
			"from": [1, 11, 1],
			"to": [15, 14, 15],
			"faces": {
				"north": {"uv": [3, 2, 13, 5], "texture": "#0"},
				"east": {"uv": [3, 2, 13, 5], "texture": "#0"},
				"south": {"uv": [3, 2, 13, 5], "texture": "#0"},
				"west": {"uv": [3, 2, 13, 5], "texture": "#0"}
			}
		},
		{
			"from": [0.99, 11.65666, 4.32333],
			"to": [15.01, 13.34333, 7.67667],
			"rotation": {"angle": 0, "axis": "y", "origin": [8, 0, 8]},
			"faces": {
				"east": {"uv": [0, 6.4, 16, 14.4], "texture": "#3"},
				"west": {"uv": [0, 6.4, 16, 14.4], "texture": "#3"}
			}
		},
		{
			"from": [0.99, 11.65667, 8.32333],
			"to": [15.01, 13.34333, 11.67667],
			"rotation": {"angle": 0, "axis": "y", "origin": [8, 0, 8]},
			"faces": {
				"east": {"uv": [0, 6.4, 16, 14.4], "texture": "#2"},
				"west": {"uv": [0, 6.4, 16, 14.4], "texture": "#2"}
			}
		},
		{
			"from": [4.32333, 11.65666, 0.99],
			"to": [7.67667, 13.34333, 15.01],
			"rotation": {"angle": 0, "axis": "y", "origin": [8, 0, 8]},
			"faces": {
				"north": {"uv": [0, 6.4, 16, 14.4], "texture": "#3"},
				"south": {"uv": [0, 6.4, 16, 14.4], "texture": "#3"}
			}
		},
		{
			"from": [8.32333, 11.65667, 0.99],
			"to": [11.67667, 13.34333, 15.01],
			"rotation": {"angle": 0, "axis": "y", "origin": [8, 0, 8]},
			"faces": {
				"north": {"uv": [0, 6.4, 16, 14.4], "texture": "#2"},
				"south": {"uv": [0, 6.4, 16, 14.4], "texture": "#2"}
			}
		}
	],
	"display": {
		"thirdperson_righthand": {
			"rotation": [75, 45, 0],
			"translation": [0, 2.5, 0],
			"scale": [0.375, 0.375, 0.375]
		},
		"thirdperson_lefthand": {
			"rotation": [75, 45, 0],
			"translation": [0, 2.5, 0],
			"scale": [0.375, 0.375, 0.375]
		},
		"firstperson_righthand": {
			"rotation": [0, 45, 0],
			"scale": [0.4, 0.4, 0.4]
		},
		"firstperson_lefthand": {
			"rotation": [0, 225, 0],
			"scale": [0.4, 0.4, 0.4]
		},
		"ground": {
			"translation": [0, 3, 0],
			"scale": [0.25, 0.25, 0.25]
		},
		"gui": {
			"rotation": [30, 225, 0],
			"scale": [0.625, 0.625, 0.625]
		},
		"fixed": {
			"scale": [0.5, 0.5, 0.5]
		}
	}
}